{"train_loss": 1.3558938526141364, "_timestamp": 1724302836.180682, "test_loss": 1.2404035257685715, "test_accuracy": 0.6338, "_runtime": 37.02713489532471, "_step": 3}